memberID,memberName,HPjoinDate,debutDate,HPgradDate,memberKana,birthDate
1,中澤裕子,1997/9/14,1998/1/28,2009/3/31,なかざわゆうこ,1973/6/19
2,石黒彩,1997/9/14,1998/1/28,2000/1/7,いしぐろあや,1978/5/12
3,飯田圭織,1997/9/14,1998/1/28,2009/3/31,いいだかおり,1981/8/8
4,安倍なつみ,1997/9/14,1998/1/28,2009/3/31,あべなつみ,1981/8/10
5,福田明日香,1997/9/14,1998/1/28,1999/4/18,ふくだあすか,1984/12/17
6,平家みちよ,1997/11/5,1997/11/5,2002/11/7,へいけみちよ,1979/4/6
7,保田圭,1998/5/3,1998/5/3,2009/3/31,やすだけい,1980/12/6
8,矢口真里,1998/5/3,1998/5/3,2005/4/14,やぐちまり,1983/1/20
9,市井紗耶香,1998/5/3,1998/5/3,2000/5/21,いちいさやか,1983/12/31
10,信田美帆,1999/2/21,1999/4/21,2000/10/9,しのだみほ,1972/5/18
11,稲葉貴子,1999/2/21,1999/4/21,2009/3/31,いなばあつこ,1974/3/13
12,RuRu,1999/2/21,1999/4/21,2000/10/9,るる,1976/3/18
13,小湊美和,1999/2/21,1999/4/21,2000/10/9,こみなとみわ,1977/2/15
14,アヤカ,1999/3/1,1999/7/23,2008/4/30,あやか,1981/10/30
15,ミカ・タレッサ・トッド,1999/3/1,1999/7/23,2004/5/2,みかたれっさとっど,1984/5/28
16,チェルシー・チン,1999/3/1,1999/7/23,2000/1/1,ちぇるしーちん,1982/9/26
17,エイプリル・ババラン,1999/3/1,1999/7/23,2000/1/1,えいぷりるばばらん,1983/4/15
18,ダニエル・デラウニー,1999/3/1,1999/7/23,2001/5/1,だにえるでらうにー,1983/9/6
19,戸田鈴音,1999/4/27,,2000/4/30,とだりんね,1981/2/6
20,柳原尋美,1999/4/27,,1999/7/16,やなぎはらひろみ,1979/10/19
21,小林梓,1999/4/27,,1999/8/23,こばやしあずさ,
22,三佳千夏,1999/5/11,1999/8/4,2000/9/30,みよしちなつ,1979/8/14
23,斉藤瞳,1999/8/10,2000/2/19,2009/3/31,さいとうひとみ,1981/10/31
24,村田めぐみ,1999/8/10,2000/2/19,2009/3/31,むらためぐみ,1981/3/3
25,大谷雅恵,1999/8/10,2000/2/19,2009/3/31,おおたにまさえ,1982/2/25
26,柴田あゆみ,1999/8/10,2000/2/19,2009/3/31,しばたあゆみ,1984/2/22
27,後藤真希,1999/8/22,1999/8/22,2007/10/28,ごとうまき,1985/9/23
28,レフア・サンボ,2000/1/1,2000/1/1,2002/2/1,れふあさんぼ,1983/2/7
29,石川梨華,2000/4/16,2000/4/16,2009/3/31,いしかわりか,1985/1/19
30,吉澤ひとみ,2000/4/16,2000/4/16,2009/3/31,よしざわひとみ,1985/4/12
31,辻希美,2000/4/16,2000/4/16,2009/3/31,つじのぞみ,1987/6/17
32,加護亜依,2000/4/16,2000/4/16,2007/3/27,かごあい,1988/2/7
33,前田有紀,2000/4/21,2000/4/21,2009/3/31,まえだゆき,1979/8/28
19,りんね,2000/5/1,2001/4/18,2002/10/13,りんね,1981/2/6
34,あさみ,2000/5/1,2001/4/18,2007/1/28,あさみ,1984/7/17
35,北上アミ,2000/7/11,2001/12/5,2001/12/31,きたがみあみ,1980/7/22
36,大木衣吹,2000/7/11,,2001/8/5,おおきいぶき,1982/3/2
38,松浦亜弥,2000/10/2,2001/4/11,2009/3/31,まつうらあや,1986/6/25
37,末永真己,2001/3/1,2001/12/5,2001/12/31,すえながまみ,1980/10/23
39,荒井紗紀,2001/8/5,2001/12/5,2001/12/31,あらいさき,1978/3/8
40,高橋愛,2001/8/26,2001/8/26,2011/9/30,たかはしあい,1986/9/14
41,紺野あさ美,2001/8/26,2001/8/26,2006/7/23,こんのあさみ,1987/5/7
42,小川麻琴,2001/8/26,2001/8/26,2009/3/31,おがわまこと,1987/10/29
43,新垣里沙,2001/8/26,2001/8/26,2012/5/18,にいがきりさ,1988/10/20
44,藤本美貴,2002/1/2,2002/3/13,2009/3/31,ふじもとみき,1985/2/26
45,里田まい,2002/1/2,2002/1/2,2009/3/31,さとだまい,1984/3/29
46,石井リカ,2002/1/2,,2002/12/31,いしいりか,1980/2/26
47,清水佐紀,2002/6/30,2003/8/6,2015/3/3,しみずさき,1991/11/22
48,嗣永桃子,2002/6/30,2003/8/6,2017/6/30,つぐながももこ,1992/3/6
49,徳永千奈美,2002/6/30,2004/3/3,2015/3/3,とくながちなみ,1992/5/22
50,須藤茉麻,2002/6/30,2004/3/3,2015/3/3,すどうまあさ,1992/7/3
51,夏焼雅,2002/6/30,2003/10/29,2015/3/3,なつやきみやび,1992/8/25
52,石村舞波,2002/6/30,2004/3/3,2005/10/2,いしむらまいは,1992/11/20
53,熊井友理奈,2002/6/30,2004/3/3,2015/3/3,くまいゆりな,1993/8/3
54,菅谷梨沙子,2002/6/30,2004/3/3,2015/3/3,すがやりさこ,1994/4/4
55,梅田えりか,2002/6/30,2003/8/6,2009/10/25,うめだえりか,1991/5/24
56,矢島舞美,2002/6/30,2003/8/6,2017/6/12,やじままいみ,1992/2/7
57,村上愛,2002/6/30,2003/8/6,2006/10/31,むらかみめぐみ,1992/6/6
58,中島早貴,2002/6/30,2007/2/21,2017/6/12,なかじまさき,1994/2/5
59,鈴木愛理,2002/6/30,2003/10/29,2017/6/12,すずきあいり,1994/4/12
60,岡井千聖,2002/6/30,2007/2/21,2017/6/12,おかいちさと,1994/6/21
61,萩原舞,2002/6/30,2007/2/21,2017/6/12,はぎわらまい,1996/2/7
62,亀井絵里,2003/1/19,2003/1/19,2010/12/15,かめいえり,1988/12/23
63,道重さゆみ,2003/1/19,2003/1/19,2014/11/26,みちしげさゆみ,1989/7/13
64,田中れいな,2003/1/19,2003/1/19,2013/5/21,たなかれいな,1989/11/11
65,みうな,2003/4/27,2003/4/27,2007/1/28,みうな,1987/2/12
66,三好絵梨香,2003/10/6,2004/9/23,2009/3/31,みよしえりか,1984/11/8
67,有原栞菜,2004/8/10,2007/2/21,2009/7/9,ありはらかんな,1993/6/15
68,岡田唯,2004/8/10,2004/9/23,2009/3/31,おかだゆい,1987/12/28
69,諸塚香奈実,2004/8/10,,2007/9/30,もろづかかなみ,1989/11/1
70,橋本愛奈,2004/8/10,,2007/9/30,はしもとあいな,1992/10/3
71,秋山ゆりか,2004/8/10,,2007/9/30,あきやまゆりか,1992/10/19
72,大瀬楓,2004/8/10,,2007/9/30,おおせかえで,1991/4/29
73,ストューカス・ロビン・翔子,2004/8/10,,2006/9/30,すとゅーかすろびんしょうこ,1993/3/15
74,後藤夕貴,2004/8/10,,2007/9/30,ごとうゆき,1993/6/12
75,是永美記,2004/8/10,2007/9/12,2009/3/31,これながみき,1985/11/4
76,能登有沙,2004/8/10,2007/9/12,2009/8/10,のとありさ,1988/12/26
77,和田彩花,2004/8/10,2008/12/10,2019/6/18,わだあやか,1994/8/1
78,前田憂佳,2004/8/10,2008/12/10,2011/12/31,まえだゆうか,1994/12/28
79,福田花音,2004/8/10,2008/12/10,2015/11/29,ふくだかのん,1995/3/12
80,小川紗季,2004/8/10,2010/5/26,2011/8/24,おがわさき,1996/11/18
81,関根梓,2004/8/10,,2011/3/9,せきねあずさ,1996/6/14
82,森咲樹,2004/8/10,,2011/1/17,もりさき,1993/10/12
83,佐保明梨,2004/8/10,2008/12/10,2011/4/18,さほあかり,1995/6/8
84,新井愛瞳,2004/8/10,,2011/3/9,あらいまなみ,1997/11/19
85,仙石みなみ,2004/8/10,2007/9/12,2010/12/21,せんごくみなみ,1991/4/30
86,古川小夏,2004/8/10,,2011/1/31,ふるかわこなつ,1992/6/5
87,北原沙弥香,2004/8/10,2008/4/30,2011/3/9,きたはらさやか,1993/11/29
88,前田彩里,2004/8/10,2009/10/3,2010/11/1,まえだいろり,1997/5/7
89,武藤水華,2004/8/10,2007/9/12,2008/4/30,むとうみか,1992/1/31
90,川島幸,2004/8/10,,2005/9/14,かわしまみゆき,1986/8/26
91,青木英里奈,2004/8/10,,2009/1/1,あおきえりな,1990/4/16
92,田中杏里,2004/8/10,,2006/7/1,たなかあんり,1991/4/25
93,澤田由梨,2004/8/10,2007/9/12,2009/8/30,さわだゆり,1991/11/25
94,橋田三令,2004/8/10,,2007/6/10,はしだみれい,1992/4/28
95,西念未彩,2004/8/10,,2010/6/29,さいねんみあ,1993/6/22
96,湯徳歩美,2004/8/10,,2007/11/30,ゆとくあゆみ,1993/10/19
97,岡井明日菜,2004/8/10,,2010/11/28,おかいあすな,1996/5/14
98,大柳麻帆,2004/8/10,,2005/7/1,おおやなぎまほ,
99,久住小春,2005/5/1,2005/5/1,2009/12/6,くすみこはる,1992/7/15
100,真野恵里菜,2006/6/4,2007/9/12,2013/2/23,まのえりな,1991/4/11
101,小倉愛実,2006/6/4,,2007/8/7,おぐらまなみ,1991/7/13
102,古峰桃香,2006/6/4,,2010/6/12,こみねももか,1994/6/27
103,シンミン,2006/7/16,,2006/8/31,しんみん,1983/4/28
104,中山菜々,2006/8/25,,2009/7/25,なかやまなな,1992/4/3
105,岩嶋雅奈未,2006/8/25,,2011/4/17,いわしままなみ,1989/12/17
106,阿部麻美,2006/8/25,,2011/4/17,あべあさみ,1990/9/5
107,須磨愛,2006/8/25,,2011/4/17,すまあい,1992/4/15
73,岡田ロビン翔子,2006/10/1,,2007/9/30,おかだろびんしょうこ,1993/3/15
108,光井愛佳,2006/12/10,2006/12/10,2018/11/3,みついあいか,1993/1/12
109,ジュンジュン,2007/3/15,2007/3/15,2010/12/15,じゅんじゅん,1988/1/11
110,リンリン,2007/3/15,2007/3/15,2010/12/15,りんりん,1991/3/11
111,吉川友,2007/4/1,2008/4/30,2010/12/24,きっかわゆう,1992/5/1
41,紺野あさ美,2007/7/15,2007/7/15,2009/3/31,こんのあさみ,1987/5/7
112,譜久村聖,2008/6/22,2009/10/3,,ふくむらみずき,1996/10/30
113,竹内朱莉,2008/6/22,2011/10/16,,たけうちあかり,1997/11/23
114,金子りえ,2008/6/22,,2013/12/1,かねこりえ,1997/7/1
115,シェンシェン,2008/9/21,2009/1/9,2010/11/1,しぇんしぇん,1988/1/10
116,アンチー,2008/9/21,2009/1/9,2010/11/1,あんちー,1989/7/23
117,ペイペイ,2008/9/21,2009/1/9,2010/11/1,ぺいぺい,1991/2/10
118,ヨウコ,2008/9/21,2009/1/9,2010/11/1,ようこ,1992/8/28
119,レイレイ,2008/9/21,2009/1/9,2010/11/1,れいれい,1994/1/16
120,グーチャン,2008/9/21,2009/1/9,2010/11/1,ぐーちゃん,1996/12/14
123,宮本佳林,2008/11/24,2013/9/11,2020/12/10,みやもとかりん,1998/12/1
121,フランシス,2009/3/1,2009/9/15,2012/5/1,ふらんしす,2000/12/27
122,愛子,2009/3/1,2009/9/15,2012/5/1,あいこ,2002/12/21
124,佐藤綾乃,2009/4/4,,2011/3/9,さとうあやの,1995/1/7
125,瀬崎あずさ,2009/4/4,,2009/4/30,せざきあずさ,1994/5/29
126,勝田里奈,2009/6/7,2011/10/16,2019/9/25,かつたりな,1998/4/6
127,平野智美,2009/6/7,,2010/11/28,ひらのともみ,1984/1/27
128,高木紗友希,2009/11/23,2013/9/11,2021/2/12,たかぎさゆき,1997/4/21
129,田辺奈菜美,2009/12/5,2009/12/5,2014/11/4,たなべななみ,1999/11/10
130,工藤遥,2010/3/27,2011/9/29,2017/12/11,くどうはるか,1999/10/27
131,木沢瑠那,2010/3/27,,2010/11/28,きざわるな,1996/9/6
132,長澤和奏,2010/3/27,,2011/9/11,ながさわわかな,1996/11/8
133,生田衣梨奈,2011/1/2,2011/1/2,,いくたえりな,1997/7/7
134,鞘師里保,2011/1/2,2011/1/2,2018/11/30,さやしりほ,1998/5/28
135,鈴木香音,2011/1/2,2011/1/2,2016/5/31,すずきかのん,1998/8/5
136,吉橋くるみ,2011/6/19,,2014/11/1,よしはしくるみ,1999/9/22
137,浜浦彩乃,2011/6/19,2015/9/2,2020/3/30,はまうらあやの,2000/4/26
138,田口夏実,2011/6/19,2015/9/2,2017/12/6,たぐちなつみ,2000/7/21
139,大塚愛菜,2011/7/1,,2013/7/5,おおつかあいな,1998/4/3
140,茂木美奈実,2011/7/1,,2013/2/1,もぎみなみ,1999/1/14
141,小川麗奈,2011/7/1,2015/9/2,2017/9/6,おがわれな,2000/3/27
142,中西香菜,2011/8/14,2011/10/16,2019/12/10,なかにしかな,1997/6/4
143,田村芽実,2011/8/14,2011/10/16,2016/5/30,たむらめいみ,1998/10/30
144,小数賀芙由香,2011/8/14,,2014/5/4,こすがふゆか,1997/11/19
145,飯窪春菜,2011/9/29,2011/9/29,2018/12/16,いいくぼはるな,1994/11/7
146,石田亜佑美,2011/9/29,2011/9/29,,いしだあゆみ,1997/1/7
147,佐藤優樹,2011/9/29,2011/9/29,2021/12/13,さとうまさき,1999/5/7
148,小田さくら,2011/10/1,2011/10/1,,おださくら,1999/3/12
149,山賀香菜恵,2011/11/12,,2012/8/1,やまがかなえ,1995/5/15
150,植村あかり,2012/3/16,2013/9/11,,うえむらあかり,1998/12/30
151,室田瑞希,2012/3/31,2014/10/4,2020/3/22,むろたみずき,1998/6/12
152,岡村里星,2012/6/17,,2013/6/1,おかむらりせ,1998/7/28
153,野村みな美,2012/6/17,2015/9/2,2020/3/30,のむらみなみ,2000/2/10
154,山岸理子,2012/6/17,2017/2/22,,やまぎしりこ,1998/11/24
156,牧野真莉愛,2012/12/9,2014/9/30,,まきのまりあ,2001/2/2
157,加賀楓,2012/12/9,2016/12/12,,かがかえで,1999/11/30
158,金澤朋子,2012/12/9,2013/9/11,2021/11/24,かなざわともこ,1995/7/2
159,和田桜子,2012/12/9,2015/9/2,2020/3/30,わださくらこ,2001/3/8
160,岸本ゆめの,2012/12/9,2017/2/22,,きしもとゆめの,2000/4/1
161,一岡伶奈,2012/12/9,2019/8/7,,いちおかれいな,1999/2/25
155,宮崎由加,2013/2/25,2013/9/11,2019/6/17,みやざきゆか,1994/4/2
162,佐々木莉佳子,2013/3/31,2014/10/4,,ささきりかこ,2001/5/28
163,稲場愛香,2013/5/5,2015/3/25,2022/5/30,いなばまなか,1997/12/27
164,藤井梨央,2013/5/5,2015/9/2,2017/7/6,ふじいりお,1999/3/4
165,田中可恋,2013/5/5,,2014/9/1,たなかかれん,1997/12/24
166,三瓶海南,2013/5/5,,2015/3/1,みかめかな,1998/8/28
167,井上ひかる,2013/5/5,,2018/6/1,いのうえひかる,2000/8/31
168,真城佳奈,2013/5/5,,2013/10/1,ましろかな,1999/8/29
169,羽賀朱音,2013/9/22,2014/9/30,,はがあかね,2002/3/7
170,船木結,2013/9/22,2015/11/5,2020/12/9,ふなきむすぶ,2002/5/10
171,段原瑠々,2013/9/22,2017/6/26,,だんばらるる,2001/5/7
172,山木梨沙,2013/9/22,2015/3/25,2019/12/26,やまきりさ,1997/10/14
173,新沼希空,2013/9/22,2017/2/22,,にいぬまきそら,1999/10/20
174,横川夢衣,2013/9/22,,2016/9/1,よこがわゆめい,1999/3/14
175,大浦央菜,2013/9/22,,2014/9/1,おおうらひろな,2000/9/10
176,相川茉穂,2014/5/4,2014/10/4,2017/12/31,あいかわまほ,1999/3/26
177,竹村未羽,2014/5/4,,2016/5/1,たけむらみう,2001/4/28
178,斎藤夏奈,2014/5/4,,2015/5/1,さいとうかな,2001/8/26
179,尾形春水,2014/9/30,2014/9/30,2018/6/20,おがたはるな,1999/2/15
180,野中美希,2014/9/30,2014/9/30,,のなかみき,1999/10/7
184,浅倉樹々,2014/10/25,2017/2/22,,あさくらきき,2000/9/3
185,小野田紗栞,2014/10/25,2017/2/22,,おのださおり,2001/12/17
181,森戸知沙希,2014/11/5,2015/3/25,2022/6/20,もりとちさき,2000/2/19
182,島村嬉唄,2014/11/5,2015/3/25,2015/6/12,しまむらうた,2000/6/24
183,小関舞,2014/11/5,2015/3/25,2019/12/26,おぜきまい,2002/2/10
186,広瀬彩海,2014/11/29,2015/9/2,2020/3/30,ひろせあやか,1999/8/4
187,井上玲音,2014/11/29,2015/9/2,,いのうえれい,2001/7/17
188,小片リサ,2014/11/29,2017/2/22,2020/12/28,おがたりさ,1998/11/5
189,谷本安美,2014/11/29,2017/2/22,,たにもとあみ,1999/11/16
190,橋本渚,2014/11/29,,2016/9/1,はしもとなぎさ,1997/7/3
191,堀江葵月,2014/11/29,,2018/9/1,ほりえきづき,1998/5/14
192,島野萌々子,2014/11/29,,2016/9/1,しまのももこ,1999/5/31
193,高瀬くるみ,2015/3/1,2019/8/7,,たかせくるみ,1999/3/16
194,笠原桃奈,2015/4/27,2016/7/16,2021/11/15,かさはらももな,2003/10/22
195,梁川奈々美,2015/4/27,2015/11/5,2019/3/11,やながわななみ,2002/1/6
196,小野瑞歩,2015/4/27,2017/2/22,,おのみずほ,2000/9/29
197,秋山眞緒,2015/4/27,2017/2/22,,あきやままお,2002/7/29
198,前田こころ,2015/4/27,2019/8/7,,まえだこころ,2002/6/23
199,仲野りおん,2015/4/27,,2016/9/1,なかのりおん,2001/9/5
200,金津美月,2015/4/27,,2018/9/1,かなつみづき,2002/10/9
201,岡本帆乃花,2015/4/27,,2015/11/1,おかもとほのか,2004/2/28
202,上國料萌衣,2015/11/11,2015/11/11,,かみこくりょうもえ,1999/10/24
203,清野桃々姫,2016/1/15,2019/8/7,,きよのももひめ,2004/12/22
204,野口胡桃,2016/1/15,,2018/12/1,のぐちくるみ,2001/8/29
205,小野琴己,2016/1/15,,2019/9/1,おのことみ,2002/10/7
206,児玉咲子,2016/1/15,,2019/3/1,こだまさきこ,2003/3/29
207,米村姫良々,2016/1/15,2022/7/13,,よねむらきらら,2004/4/30
208,山﨑愛生,2016/7/30,2019/6/22,,やまざきめい,2005/6/28
209,太田遥香,2016/7/30,2018/11/23,2022/3/31,おおたはるか,2003/10/21
210,工藤由愛,2016/7/30,2019/6/14,,くどうゆめ,2004/9/28
211,佐藤光,2016/7/30,,2019/9/1,さとうひかり,2004/4/19
212,石栗奏美,2016/7/30,2022/7/13,,いしぐりかなみ,2004/4/20
213,河野みのり,2016/7/30,,2021/3/16,かわのみのり,2004/4/23
214,北川亮,2016/7/30,,2018/4/1,きたがわりょう,2004/6/29
215,横山玲奈,2016/8/17,2016/12/12,,よこやまれいな,2001/2/22
216,川村文乃,2016/8/17,2017/6/26,,かわむらあやの,1999/7/7
217,橋迫鈴,2016/8/17,2019/7/3,,はしさこりん,2005/10/6
218,西田汐里,2016/8/17,2019/8/7,,にしだしおり,2003/6/7
219,山﨑夢羽,2016/8/17,2019/8/7,,やまざきゆはね,2002/11/5
220,吉田真理恵,2016/8/17,,2017/3/1,よしだまりえ,2003/4/29
221,松永里愛,2017/3/6,2019/6/14,,まつながりあい,2005/7/7
222,島倉りか,2017/3/6,2019/8/7,,しまくらりか,2000/8/20
223,江口紗耶,2017/3/6,2019/8/7,,えぐちさや,2003/8/1
224,岡村美波,2017/3/6,2019/8/7,,おかむらみなみ,2004/10/20
225,日比麻里那,2017/3/6,,2018/12/1,ひびまりな,2002/12/17
226,土居麗菜,2017/3/6,,2018/12/1,どいれな,2004/9/1
227,山田苺,2017/3/6,,2021/4/23,やまだいちご,2005/7/15
228,中山夏月姫,2017/3/6,2022/7/13,,なかやまなつめ,2005/7/20
229,為永幸音,2017/12/10,2020/11/2,,ためながしおん,2004/2/9
230,橋本桃呼,2017/12/10,,2018/4/1,はしもとももこ,2003/6/28
231,後藤咲香,2017/12/10,,2018/3/1,ごとうさやか,2003/8/31
232,窪田七海,2017/12/10,2022/7/13,,くぼたななみ,2004/7/23
233,出頭杏奈,2017/12/10,,2019/9/1,しゅっとうあんな,2005/3/8
234,金光留々,2017/12/10,,2019/12/1,かねみつるる,2005/9/2
235,松原ユリヤ,2017/12/10,,,まつばらゆりや,2008/2/26
237,斉藤円香,2018/11/1,2022/7/13,,さいとうまどか,2002/10/28
238,楠萌生,2018/11/1,,2019/4/1,くすのきめい,2004/11/10
239,小野田華凜,2018/11/1,,,おのだかりん,2008/1/23
236,伊勢鈴蘭,2018/11/23,2018/11/23,,いせれいら,2004/1/19
240,平井美葉,2018/12/3,2019/8/7,,ひらいみよ,1999/12/11
241,小林萌花,2018/12/3,2019/8/7,,こばやしほのか,2000/8/16
242,里吉うたの,2018/12/3,2019/8/7,,さとよしうたの,2000/9/22
243,北川莉央,2019/6/22,2019/6/22,,きたがわりお,2004/3/16
244,岡村ほまれ,2019/6/22,2019/6/22,,おかむらほまれ,2005/5/9
245,広本瑠璃,2019/8/2,2022/7/13,,ひろもとるり,2003/6/18
246,橋田歩果,2019/8/2,,,はしだほのか,2005/10/17
247,西﨑美空,2019/8/2,2022/7/13,,にしざきみく,2006/4/17
248,平山遊季,2019/8/2,2021/12/30,,ひらやまゆき,2006/7/25
249,北原もも,2019/8/2,2022/7/13,,きたはらもも,2006/8/30
250,江端妃咲,2019/8/2,2021/7/7,,えばたきさき,2007/1/30
251,豫風瑠乃,2019/8/2,2021/7/7,,よふうるの,2007/12/20
252,村越彩菜,2019/8/2,,,むらこしあやな,2008/2/11
253,植村葉純,2019/8/2,,,うえむらはすみ,2008/2/25
254,橋本莉々花,2019/8/2,,2020/4/19,はしもとりりか,2004/11/1
255,西村風凛,2019/12/3,,2021/3/16,にしむらかりん,2005/11/16
256,渋谷妃菜,2019/12/3,,2020/4/19,しぶやひな,2008/12/11
257,川名凜,2020/11/2,2020/11/2,,かわなりん,2003/12/6
258,松本わかな,2020/11/2,2020/11/2,,まつもとわかな,2007/9/1
259,有澤一華,2020/11/4,2021/7/7,,ありさわいちか,2003/12/23
260,石山咲良,2020/11/4,2022/6/29,,いしやまさくら,2004/2/22
261,入江里咲,2021/7/7,2021/7/7,,いりえりさ,2005/10/18
262,河西結心,2021/7/7,2021/7/7,,かさいゆうみ,2003/7/30
263,八木栞,2021/7/7,2021/7/7,,やぎしおり,2003/9/19
264,福田真琳,2021/7/7,2021/7/7,,ふくだまりん,2004/10/18
265,吉田姫杷,2021/8/24,,,よしだひのは,2007/7/8
266,川嶋美楓,2021/8/24,,,かわしまみふ,2007/12/13
267,筒井澪心,2021/12/12,2022/7/13,,つついろこ,2007/8/10
268,田代すみれ,2021/12/12,2022/7/13,,たしろすみれ,2005/6/16
269,後藤花,2022/2/15,,,ごとうはな,2008/6/5
270,前島花凛,2022/2/15,,2022/5/23,まえしまかりん,2009/8/22
271,櫻井梨央,2022/6/29,2022/6/29,,さくらいりお,2005/11/11
272,遠藤彩加里,2022/6/29,2022/6/29,,えんどうあかり,2008/4/26
